date,bank,from,to,rate
2019-03-07T00:00:00,Česká spořitelna,GBP,CZK,29.008
2019-03-07T00:00:00,Česká spořitelna,EUR,CZK,24.941
2019-03-07T00:00:00,Česká spořitelna,USD,CZK,22.048
2019-03-07T00:00:00,Česká spořitelna,CHF,CZK,21.964
2019-03-07T00:00:00,Česká spořitelna,CAD,CZK,16.443
2019-03-07T00:00:00,Česká spořitelna,AUD,CZK,15.512
2019-03-07T00:00:00,Česká spořitelna,NZD,CZK,14.943
2019-03-07T00:00:00,Česká spořitelna,BGN,CZK,12.751
2019-03-07T00:00:00,Česká spořitelna,CZK,HUF,12.030798845043313
2019-03-07T00:00:00,Česká spořitelna,TND,CZK,7.278
2019-03-07T00:00:00,Česká spořitelna,PLN,CZK,5.801
2019-03-07T00:00:00,Česká spořitelna,RON,CZK,5.255
2019-03-07T00:00:00,Česká spořitelna,CZK,JPY,4.820206304829847
2019-03-07T00:00:00,Česká spořitelna,TRY,CZK,4.068
2019-03-07T00:00:00,Česká spořitelna,HRK,CZK,3.36
2019-03-07T00:00:00,Česká spořitelna,DKK,CZK,3.343
2019-03-07T00:00:00,Česká spořitelna,HKD,CZK,2.809
2019-03-07T00:00:00,Česká spořitelna,CZK,RUB,2.8039479587258858
2019-03-07T00:00:00,Česká spořitelna,NOK,CZK,2.544
2019-03-07T00:00:00,Česká spořitelna,SEK,CZK,2.374
2019-03-07T00:00:00,Česká spořitelna,ZAR,CZK,1.552
2019-03-07T00:00:00,Česká spořitelna,CZK,ZAR,0.6131207847946045
2019-03-07T00:00:00,Česká spořitelna,CZK,SEK,0.40064102564102566
2019-03-07T00:00:00,Česká spořitelna,CZK,NOK,0.3738317757009346
2019-03-07T00:00:00,Česká spořitelna,CZK,HKD,0.3386386725364037
2019-03-07T00:00:00,Česká spořitelna,RUB,CZK,0.32921
2019-03-07T00:00:00,Česká spořitelna,CZK,DKK,0.28457598178713717
2019-03-07T00:00:00,Česká spořitelna,CZK,HRK,0.28312570781426954
2019-03-07T00:00:00,Česká spořitelna,CZK,TRY,0.23386342376052385
2019-03-07T00:00:00,Česká spořitelna,JPY,CZK,0.19734000000000002
2019-03-07T00:00:00,Česká spořitelna,CZK,RON,0.18099547511312217
2019-03-07T00:00:00,Česká spořitelna,CZK,PLN,0.1639881928501148
2019-03-07T00:00:00,Česká spořitelna,CZK,TND,0.13070186903672723
2019-03-07T00:00:00,Česká spořitelna,HUF,CZK,0.07905999999999999
2019-03-07T00:00:00,Česká spořitelna,CZK,BGN,0.07459903021260723
2019-03-07T00:00:00,Česká spořitelna,CZK,NZD,0.06365777579731365
2019-03-07T00:00:00,Česká spořitelna,CZK,AUD,0.06132335806708776
2019-03-07T00:00:00,Česká spořitelna,CZK,CAD,0.05785028346638898
2019-03-07T00:00:00,Česká spořitelna,CZK,CHF,0.043306916114503484
2019-03-07T00:00:00,Česká spořitelna,CZK,USD,0.043144361032013114
2019-03-07T00:00:00,Česká spořitelna,CZK,EUR,0.03813882532418002
2019-03-07T00:00:00,Česká spořitelna,CZK,GBP,0.03279118572927597
2019-03-08T00:00:00,Česká spořitelna,GBP,CZK,29.11
2019-03-08T00:00:00,Česká spořitelna,EUR,CZK,24.96
2019-03-08T00:00:00,Česká spořitelna,USD,CZK,22.212
2019-03-08T00:00:00,Česká spořitelna,CHF,CZK,22.032
2019-03-08T00:00:00,Česká spořitelna,CAD,CZK,16.54
2019-03-08T00:00:00,Česká spořitelna,AUD,CZK,15.63
2019-03-08T00:00:00,Česká spořitelna,NZD,CZK,15.051
2019-03-08T00:00:00,Česká spořitelna,BGN,CZK,12.761
2019-03-08T00:00:00,Česká spořitelna,CZK,HUF,12.019230769230768
2019-03-08T00:00:00,Česká spořitelna,TND,CZK,7.308
2019-03-08T00:00:00,Česká spořitelna,PLN,CZK,5.801
2019-03-08T00:00:00,Česká spořitelna,RON,CZK,5.265
2019-03-08T00:00:00,Česká spořitelna,CZK,JPY,4.779429336137266
2019-03-08T00:00:00,Česká spořitelna,TRY,CZK,4.074
2019-03-08T00:00:00,Česká spořitelna,HRK,CZK,3.366
2019-03-08T00:00:00,Česká spořitelna,DKK,CZK,3.345
2019-03-08T00:00:00,Česká spořitelna,HKD,CZK,2.83
2019-03-08T00:00:00,Česká spořitelna,CZK,RUB,2.7891668758541823
2019-03-08T00:00:00,Česká spořitelna,NOK,CZK,2.547
2019-03-08T00:00:00,Česká spořitelna,SEK,CZK,2.362
2019-03-08T00:00:00,Česká spořitelna,ZAR,CZK,1.545
2019-03-08T00:00:00,Česká spořitelna,CZK,ZAR,0.6157635467980295
2019-03-08T00:00:00,Česká spořitelna,CZK,SEK,0.4027386226339106
2019-03-08T00:00:00,Česká spořitelna,CZK,NOK,0.3735524841240194
2019-03-08T00:00:00,Česká spořitelna,CZK,HKD,0.3361344537815126
2019-03-08T00:00:00,Česká spořitelna,RUB,CZK,0.33094999999999997
2019-03-08T00:00:00,Česká spořitelna,CZK,DKK,0.2843332385555872
2019-03-08T00:00:00,Česká spořitelna,CZK,HRK,0.2825656965244419
2019-03-08T00:00:00,Česká spořitelna,CZK,TRY,0.23348120476301656
2019-03-08T00:00:00,Česká spořitelna,JPY,CZK,0.19902999999999998
2019-03-08T00:00:00,Česká spořitelna,CZK,RON,0.18066847335140018
2019-03-08T00:00:00,Česká spořitelna,CZK,PLN,0.1639881928501148
2019-03-08T00:00:00,Česká spořitelna,CZK,TND,0.1301744337412132
2019-03-08T00:00:00,Česká spořitelna,HUF,CZK,0.07914
2019-03-08T00:00:00,Česká spořitelna,CZK,BGN,0.07454342154304883
2019-03-08T00:00:00,Česká spořitelna,CZK,NZD,0.06319914049168932
2019-03-08T00:00:00,Česká spořitelna,CZK,AUD,0.060860568437709206
2019-03-08T00:00:00,Česká spořitelna,CZK,CAD,0.05751092707614446
2019-03-08T00:00:00,Česká spořitelna,CZK,CHF,0.04317416457991538
2019-03-08T00:00:00,Česká spořitelna,CZK,USD,0.042824718427476344
2019-03-08T00:00:00,Česká spořitelna,CZK,EUR,0.038109756097560975
2019-03-08T00:00:00,Česká spořitelna,CZK,GBP,0.032676534980230695
2019-03-11T00:00:00,Česká spořitelna,GBP,CZK,29.042
2019-03-11T00:00:00,Česká spořitelna,EUR,CZK,24.999
2019-03-11T00:00:00,Česká spořitelna,USD,CZK,22.249
2019-03-11T00:00:00,Česká spořitelna,CHF,CZK,22.087
2019-03-11T00:00:00,Česká spořitelna,CAD,CZK,16.577
2019-03-11T00:00:00,Česká spořitelna,AUD,CZK,15.67
2019-03-11T00:00:00,Česká spořitelna,NZD,CZK,15.129
2019-03-11T00:00:00,Česká spořitelna,BGN,CZK,12.781
2019-03-11T00:00:00,Česká spořitelna,CZK,HUF,11.99616122840691
2019-03-11T00:00:00,Česká spořitelna,TND,CZK,7.323
2019-03-11T00:00:00,Česká spořitelna,PLN,CZK,5.818
2019-03-11T00:00:00,Česká spořitelna,RON,CZK,5.267
2019-03-11T00:00:00,Česká spořitelna,CZK,JPY,4.745408816969582
2019-03-11T00:00:00,Česká spořitelna,TRY,CZK,4.09
2019-03-11T00:00:00,Česká spořitelna,HRK,CZK,3.371
2019-03-11T00:00:00,Česká spořitelna,DKK,CZK,3.351
2019-03-11T00:00:00,Česká spořitelna,HKD,CZK,2.834
2019-03-11T00:00:00,Česká spořitelna,CZK,RUB,2.8008850796851803
2019-03-11T00:00:00,Česká spořitelna,NOK,CZK,2.534
2019-03-11T00:00:00,Česká spořitelna,SEK,CZK,2.355
2019-03-11T00:00:00,Česká spořitelna,ZAR,CZK,1.541
2019-03-11T00:00:00,Česká spořitelna,CZK,ZAR,0.6172839506172839
2019-03-11T00:00:00,Česká spořitelna,CZK,SEK,0.40404040404040403
2019-03-11T00:00:00,Česká spořitelna,CZK,NOK,0.37537537537537535
2019-03-11T00:00:00,Česká spořitelna,CZK,HKD,0.33557046979865773
2019-03-11T00:00:00,Česká spořitelna,RUB,CZK,0.32957000000000003
2019-03-11T00:00:00,Česká spořitelna,CZK,DKK,0.2838489923360772
2019-03-11T00:00:00,Česká spořitelna,CZK,HRK,0.28216704288939054
2019-03-11T00:00:00,Česká spořitelna,CZK,TRY,0.23255813953488372
2019-03-11T00:00:00,Česká spořitelna,JPY,CZK,0.20045000000000002
2019-03-11T00:00:00,Česká spořitelna,CZK,RON,0.18057060310581435
2019-03-11T00:00:00,Česká spořitelna,CZK,PLN,0.16350555918901244
2019-03-11T00:00:00,Česká spořitelna,CZK,TND,0.12990387113535984
2019-03-11T00:00:00,Česká spořitelna,HUF,CZK,0.07929
2019-03-11T00:00:00,Česká spořitelna,CZK,BGN,0.07442137381856069
2019-03-11T00:00:00,Česká spořitelna,CZK,NZD,0.06287331027978624
2019-03-11T00:00:00,Česká spořitelna,CZK,AUD,0.06070171178827243
2019-03-11T00:00:00,Česká spořitelna,CZK,CAD,0.05738222298731853
2019-03-11T00:00:00,Česká spořitelna,CZK,CHF,0.0430681769240708
2019-03-11T00:00:00,Česká spořitelna,CZK,USD,0.04275331338178709
2019-03-11T00:00:00,Česká spořitelna,CZK,EUR,0.038050302499904876
2019-03-11T00:00:00,Česká spořitelna,CZK,GBP,0.0327535947070191
2019-03-12T00:00:00,Česká spořitelna,GBP,CZK,29.1
2019-03-12T00:00:00,Česká spořitelna,EUR,CZK,25.019
2019-03-12T00:00:00,Česká spořitelna,USD,CZK,22.254
2019-03-12T00:00:00,Česká spořitelna,CHF,CZK,22.043
2019-03-12T00:00:00,Česká spořitelna,CAD,CZK,16.601
2019-03-12T00:00:00,Česká spořitelna,AUD,CZK,15.707
2019-03-12T00:00:00,Česká spořitelna,NZD,CZK,15.194
2019-03-12T00:00:00,Česká spořitelna,BGN,CZK,12.791
2019-03-12T00:00:00,Česká spořitelna,CZK,HUF,11.999040076793857
2019-03-12T00:00:00,Česká spořitelna,TND,CZK,7.353
2019-03-12T00:00:00,Česká spořitelna,PLN,CZK,5.816
2019-03-12T00:00:00,Česká spořitelna,RON,CZK,5.269
2019-03-12T00:00:00,Česká spořitelna,CZK,JPY,4.753529495650521
2019-03-12T00:00:00,Česká spořitelna,TRY,CZK,4.088
2019-03-12T00:00:00,Česká spořitelna,HRK,CZK,3.375
2019-03-12T00:00:00,Česká spořitelna,DKK,CZK,3.353
2019-03-12T00:00:00,Česká spořitelna,HKD,CZK,2.835
2019-03-12T00:00:00,Česká spořitelna,CZK,RUB,2.784041871989755
2019-03-12T00:00:00,Česká spořitelna,NOK,CZK,2.561
2019-03-12T00:00:00,Česká spořitelna,SEK,CZK,2.365
2019-03-12T00:00:00,Česká spořitelna,ZAR,CZK,1.55
2019-03-12T00:00:00,Česká spořitelna,CZK,ZAR,0.6134969325153374
2019-03-12T00:00:00,Česká spořitelna,CZK,SEK,0.4020908725371934
2019-03-12T00:00:00,Česká spořitelna,CZK,NOK,0.3714710252600297
2019-03-12T00:00:00,Česká spořitelna,CZK,HKD,0.33557046979865773
2019-03-12T00:00:00,Česká spořitelna,RUB,CZK,0.33155999999999997
2019-03-12T00:00:00,Česká spořitelna,CZK,DKK,0.28368794326241137
2019-03-12T00:00:00,Česká spořitelna,CZK,HRK,0.2818489289740699
2019-03-12T00:00:00,Česká spořitelna,CZK,TRY,0.23266635644485806
2019-03-12T00:00:00,Česká spořitelna,JPY,CZK,0.20010000000000003
2019-03-12T00:00:00,Česká spořitelna,CZK,RON,0.18053800324968408
2019-03-12T00:00:00,Česká spořitelna,CZK,PLN,0.16355904481517827
2019-03-12T00:00:00,Česká spořitelna,CZK,TND,0.129366106080207
2019-03-12T00:00:00,Česká spořitelna,HUF,CZK,0.07927
2019-03-12T00:00:00,Česká spořitelna,CZK,BGN,0.07436602959767978
2019-03-12T00:00:00,Česká spořitelna,CZK,NZD,0.06260564702936204
2019-03-12T00:00:00,Česká spořitelna,CZK,AUD,0.060558347968267416
2019-03-12T00:00:00,Česká spořitelna,CZK,CAD,0.057300022920009165
2019-03-12T00:00:00,Česká spořitelna,CZK,CHF,0.043153670219652183
2019-03-12T00:00:00,Česká spořitelna,CZK,USD,0.042742349119507604
2019-03-12T00:00:00,Česká spořitelna,CZK,EUR,0.03801992243935822
2019-03-12T00:00:00,Česká spořitelna,CZK,GBP,0.03268828451882845
2019-03-13T00:00:00,Česká spořitelna,GBP,CZK,29.104
2019-03-13T00:00:00,Česká spořitelna,EUR,CZK,25.019
2019-03-13T00:00:00,Česká spořitelna,USD,CZK,22.196
2019-03-13T00:00:00,Česká spořitelna,CHF,CZK,22.035
2019-03-13T00:00:00,Česká spořitelna,CAD,CZK,16.585
2019-03-13T00:00:00,Česká spořitelna,AUD,CZK,15.722
2019-03-13T00:00:00,Česká spořitelna,NZD,CZK,15.236
2019-03-13T00:00:00,Česká spořitelna,BGN,CZK,12.789
2019-03-13T00:00:00,Česká spořitelna,CZK,HUF,11.990407673860911
2019-03-13T00:00:00,Česká spořitelna,TND,CZK,7.342
2019-03-13T00:00:00,Česká spořitelna,PLN,CZK,5.82
2019-03-13T00:00:00,Česká spořitelna,RON,CZK,5.251
2019-03-13T00:00:00,Česká spořitelna,CZK,JPY,4.767353165522502
2019-03-13T00:00:00,Česká spořitelna,TRY,CZK,4.062
2019-03-13T00:00:00,Česká spořitelna,HRK,CZK,3.374
2019-03-13T00:00:00,Česká spořitelna,DKK,CZK,3.354
2019-03-13T00:00:00,Česká spořitelna,HKD,CZK,2.828
2019-03-13T00:00:00,Česká spořitelna,CZK,RUB,2.7770835069010524
2019-03-13T00:00:00,Česká spořitelna,NOK,CZK,2.569
2019-03-13T00:00:00,Česká spořitelna,SEK,CZK,2.367
2019-03-13T00:00:00,Česká spořitelna,ZAR,CZK,1.551
2019-03-13T00:00:00,Česká spořitelna,CZK,ZAR,0.6131207847946045
2019-03-13T00:00:00,Česká spořitelna,CZK,SEK,0.40192926045016075
2019-03-13T00:00:00,Česká spořitelna,CZK,NOK,0.3702332469455757
2019-03-13T00:00:00,Česká spořitelna,CZK,HKD,0.33636057854019513
2019-03-13T00:00:00,Česká spořitelna,RUB,CZK,0.33238999999999996
2019-03-13T00:00:00,Česká spořitelna,CZK,DKK,0.2836074872376631
2019-03-13T00:00:00,Česká spořitelna,CZK,HRK,0.281928390188892
2019-03-13T00:00:00,Česká spořitelna,CZK,TRY,0.23413720440177946
2019-03-13T00:00:00,Česká spořitelna,JPY,CZK,0.19952999999999999
2019-03-13T00:00:00,Česká spořitelna,CZK,RON,0.1811594202898551
2019-03-13T00:00:00,Česká spořitelna,CZK,PLN,0.16345210853220005
2019-03-13T00:00:00,Česká spořitelna,CZK,TND,0.12955045990413266
2019-03-13T00:00:00,Česká spořitelna,HUF,CZK,0.07933
2019-03-13T00:00:00,Česká spořitelna,CZK,BGN,0.07437709185570844
2019-03-13T00:00:00,Česká spořitelna,CZK,NZD,0.06243366423175376
2019-03-13T00:00:00,Česká spořitelna,CZK,AUD,0.06050338818973863
2019-03-13T00:00:00,Česká spořitelna,CZK,CAD,0.057352603808212894
2019-03-13T00:00:00,Česká spořitelna,CZK,CHF,0.043168573278653144
2019-03-13T00:00:00,Česká spořitelna,CZK,USD,0.042854081851296334
2019-03-13T00:00:00,Česká spořitelna,CZK,EUR,0.03801992243935822
2019-03-13T00:00:00,Česká spořitelna,CZK,GBP,0.03268401098182769
2019-03-14T00:00:00,Česká spořitelna,GBP,CZK,29.167
2019-03-14T00:00:00,Česká spořitelna,EUR,CZK,25.019
2019-03-14T00:00:00,Česká spořitelna,USD,CZK,22.129
2019-03-14T00:00:00,Česká spořitelna,CHF,CZK,21.995
2019-03-14T00:00:00,Česká spořitelna,CAD,CZK,16.608
2019-03-14T00:00:00,Česká spořitelna,AUD,CZK,15.643
2019-03-14T00:00:00,Česká spořitelna,NZD,CZK,15.135
2019-03-14T00:00:00,Česká spořitelna,BGN,CZK,12.788
2019-03-14T00:00:00,Česká spořitelna,CZK,HUF,11.963153487259241
2019-03-14T00:00:00,Česká spořitelna,TND,CZK,7.335
2019-03-14T00:00:00,Česká spořitelna,PLN,CZK,5.818
2019-03-14T00:00:00,Česká spořitelna,RON,CZK,5.238
2019-03-14T00:00:00,Česká spořitelna,CZK,JPY,4.786062984588877
2019-03-14T00:00:00,Česká spořitelna,TRY,CZK,4.045
2019-03-14T00:00:00,Česká spořitelna,HRK,CZK,3.372
2019-03-14T00:00:00,Česká spořitelna,DKK,CZK,3.353
2019-03-14T00:00:00,Česká spořitelna,HKD,CZK,2.819
2019-03-14T00:00:00,Česká spořitelna,CZK,RUB,2.7726176283028807
2019-03-14T00:00:00,Česká spořitelna,NOK,CZK,2.575
2019-03-14T00:00:00,Česká spořitelna,SEK,CZK,2.373
2019-03-14T00:00:00,Česká spořitelna,ZAR,CZK,1.536
2019-03-14T00:00:00,Česká spořitelna,CZK,ZAR,0.6195786864931846
2019-03-14T00:00:00,Česká spořitelna,CZK,SEK,0.4008016032064128
2019-03-14T00:00:00,Česká spořitelna,CZK,NOK,0.3694126339120798
2019-03-14T00:00:00,Česká spořitelna,CZK,HKD,0.33738191632928477
2019-03-14T00:00:00,Česká spořitelna,RUB,CZK,0.33292
2019-03-14T00:00:00,Česká spořitelna,CZK,DKK,0.28368794326241137
2019-03-14T00:00:00,Česká spořitelna,CZK,HRK,0.2820874471086037
2019-03-14T00:00:00,Česká spořitelna,CZK,TRY,0.2351281448389372
2019-03-14T00:00:00,Česká spořitelna,JPY,CZK,0.19875
2019-03-14T00:00:00,Česká spořitelna,CZK,RON,0.18162005085361424
2019-03-14T00:00:00,Česká spořitelna,CZK,PLN,0.16350555918901244
2019-03-14T00:00:00,Česká spořitelna,CZK,TND,0.12968486577616392
2019-03-14T00:00:00,Česká spořitelna,HUF,CZK,0.07951
2019-03-14T00:00:00,Česká spořitelna,CZK,BGN,0.07438262421898244
2019-03-14T00:00:00,Česká spořitelna,CZK,NZD,0.0628456510809452
2019-03-14T00:00:00,Česká spořitelna,CZK,AUD,0.060805058980907205
2019-03-14T00:00:00,Česká spořitelna,CZK,CAD,0.0572737686139748
2019-03-14T00:00:00,Česká spořitelna,CZK,CHF,0.043246983522899275
2019-03-14T00:00:00,Česká spořitelna,CZK,USD,0.04298486932599725
2019-03-14T00:00:00,Česká spořitelna,CZK,EUR,0.03801992243935822
2019-03-14T00:00:00,Česká spořitelna,CZK,GBP,0.03261365860022177
2019-03-15T00:00:00,Česká spořitelna,GBP,CZK,29.348
2019-03-15T00:00:00,Česká spořitelna,EUR,CZK,25.028
2019-03-15T00:00:00,Česká spořitelna,USD,CZK,22.146
2019-03-15T00:00:00,Česká spořitelna,CHF,CZK,22.051
2019-03-15T00:00:00,Česká spořitelna,CAD,CZK,16.621
2019-03-15T00:00:00,Česká spořitelna,AUD,CZK,15.62
2019-03-15T00:00:00,Česká spořitelna,NZD,CZK,15.088
2019-03-15T00:00:00,Česká spořitelna,BGN,CZK,12.796
2019-03-15T00:00:00,Česká spořitelna,CZK,HUF,11.950286806883364
2019-03-15T00:00:00,Česká spořitelna,TND,CZK,7.347
2019-03-15T00:00:00,Česká spořitelna,PLN,CZK,5.816
2019-03-15T00:00:00,Česká spořitelna,RON,CZK,5.252
2019-03-15T00:00:00,Česká spořitelna,CZK,JPY,4.793174519484254
2019-03-15T00:00:00,Česká spořitelna,TRY,CZK,4.049
2019-03-15T00:00:00,Česká spořitelna,HRK,CZK,3.372
2019-03-15T00:00:00,Česká spořitelna,DKK,CZK,3.354
2019-03-15T00:00:00,Česká spořitelna,HKD,CZK,2.821
2019-03-15T00:00:00,Česká spořitelna,CZK,RUB,2.7726176283028807
2019-03-15T00:00:00,Česká spořitelna,NOK,CZK,2.579
2019-03-15T00:00:00,Česká spořitelna,SEK,CZK,2.375
2019-03-15T00:00:00,Česká spořitelna,ZAR,CZK,1.529
2019-03-15T00:00:00,Česká spořitelna,CZK,ZAR,0.6222775357809583
2019-03-15T00:00:00,Česká spořitelna,CZK,SEK,0.40048057669203047
2019-03-15T00:00:00,Česká spořitelna,CZK,NOK,0.36886757654002217
2019-03-15T00:00:00,Česká spořitelna,CZK,HKD,0.33715441672285906
2019-03-15T00:00:00,Česká spořitelna,RUB,CZK,0.33293
2019-03-15T00:00:00,Česká spořitelna,CZK,DKK,0.2836074872376631
2019-03-15T00:00:00,Česká spořitelna,CZK,HRK,0.2820874471086037
2019-03-15T00:00:00,Česká spořitelna,CZK,TRY,0.23490721165139772
2019-03-15T00:00:00,Česká spořitelna,JPY,CZK,0.19845
2019-03-15T00:00:00,Česká spořitelna,CZK,RON,0.18109380659181457
2019-03-15T00:00:00,Česká spořitelna,CZK,PLN,0.16355904481517827
2019-03-15T00:00:00,Česká spořitelna,CZK,TND,0.1294665976178146
2019-03-15T00:00:00,Česká spořitelna,HUF,CZK,0.0796
2019-03-15T00:00:00,Česká spořitelna,CZK,BGN,0.07433838834374071
2019-03-15T00:00:00,Česká spořitelna,CZK,NZD,0.06304375236414071
2019-03-15T00:00:00,Česká spořitelna,CZK,AUD,0.060897631082150905
2019-03-15T00:00:00,Česká spořitelna,CZK,CAD,0.05723115664167573
2019-03-15T00:00:00,Česká spořitelna,CZK,CHF,0.04313691657320335
2019-03-15T00:00:00,Česká spořitelna,CZK,USD,0.04295163645734903
2019-03-15T00:00:00,Česká spořitelna,CZK,EUR,0.03800547278808148
2019-03-15T00:00:00,Česká spořitelna,CZK,GBP,0.03241175898616018
2019-03-18T00:00:00,Česká spořitelna,GBP,CZK,29.299
2019-03-18T00:00:00,Česká spořitelna,EUR,CZK,25.019
2019-03-18T00:00:00,Česká spořitelna,USD,CZK,22.075
2019-03-18T00:00:00,Česká spořitelna,CHF,CZK,22.022
2019-03-18T00:00:00,Česká spořitelna,CAD,CZK,16.537
2019-03-18T00:00:00,Česká spořitelna,AUD,CZK,15.646
2019-03-18T00:00:00,Česká spořitelna,NZD,CZK,15.123
2019-03-18T00:00:00,Česká spořitelna,BGN,CZK,12.793
2019-03-18T00:00:00,Česká spořitelna,CZK,HUF,11.953143676786995
2019-03-18T00:00:00,Česká spořitelna,TND,CZK,7.338
2019-03-18T00:00:00,Česká spořitelna,PLN,CZK,5.812
2019-03-18T00:00:00,Česká spořitelna,RON,CZK,5.258
2019-03-18T00:00:00,Česká spořitelna,CZK,JPY,4.804458537522821
2019-03-18T00:00:00,Česká spořitelna,TRY,CZK,4.035
2019-03-18T00:00:00,Česká spořitelna,HRK,CZK,3.372
2019-03-18T00:00:00,Česká spořitelna,DKK,CZK,3.352
2019-03-18T00:00:00,Česká spořitelna,HKD,CZK,2.812
2019-03-18T00:00:00,Česká spořitelna,CZK,RUB,2.7686259309504693
2019-03-18T00:00:00,Česká spořitelna,NOK,CZK,2.583
2019-03-18T00:00:00,Česká spořitelna,SEK,CZK,2.385
2019-03-18T00:00:00,Česká spořitelna,ZAR,CZK,1.531
2019-03-18T00:00:00,Česká spořitelna,CZK,ZAR,0.6211180124223602
2019-03-18T00:00:00,Česká spořitelna,CZK,SEK,0.39872408293460926
2019-03-18T00:00:00,Česká spořitelna,CZK,NOK,0.3683241252302026
2019-03-18T00:00:00,Česká spořitelna,CZK,HKD,0.3382949932341001
2019-03-18T00:00:00,Česká spořitelna,RUB,CZK,0.33341
2019-03-18T00:00:00,Česká spořitelna,CZK,DKK,0.28376844494892167
2019-03-18T00:00:00,Česká spořitelna,CZK,HRK,0.2820874471086037
2019-03-18T00:00:00,Česká spořitelna,CZK,TRY,0.23573785950023574
2019-03-18T00:00:00,Česká spořitelna,JPY,CZK,0.19799
2019-03-18T00:00:00,Česká spořitelna,CZK,RON,0.18089725036179452
2019-03-18T00:00:00,Česká spořitelna,CZK,PLN,0.16363933889707086
2019-03-18T00:00:00,Česká spořitelna,CZK,TND,0.12963443090484833
2019-03-18T00:00:00,Česká spořitelna,HUF,CZK,0.07958
2019-03-18T00:00:00,Česká spořitelna,CZK,BGN,0.0743549706297866
2019-03-18T00:00:00,Česká spořitelna,CZK,NZD,0.06289703754953142
2019-03-18T00:00:00,Česká spořitelna,CZK,AUD,0.060797665369649805
2019-03-18T00:00:00,Česká spořitelna,CZK,CAD,0.05752085130859936
2019-03-18T00:00:00,Česká spořitelna,CZK,CHF,0.0431946784156192
2019-03-18T00:00:00,Česká spořitelna,CZK,USD,0.04309044684793381
2019-03-18T00:00:00,Česká spořitelna,CZK,EUR,0.03801992243935822
2019-03-18T00:00:00,Česká spořitelna,CZK,GBP,0.03246647836109218
2019-03-19T00:00:00,Česká spořitelna,GBP,CZK,29.151
2019-03-19T00:00:00,Česká spořitelna,EUR,CZK,24.98
2019-03-19T00:00:00,Česká spořitelna,USD,CZK,22.019
2019-03-19T00:00:00,Česká spořitelna,CHF,CZK,21.997
2019-03-19T00:00:00,Česká spořitelna,CAD,CZK,16.515
2019-03-19T00:00:00,Česká spořitelna,AUD,CZK,15.639
2019-03-19T00:00:00,Česká spořitelna,NZD,CZK,15.114
2019-03-19T00:00:00,Česká spořitelna,BGN,CZK,12.772
2019-03-19T00:00:00,Česká spořitelna,CZK,HUF,11.961722488038278
2019-03-19T00:00:00,Česká spořitelna,TND,CZK,7.321
2019-03-19T00:00:00,Česká spořitelna,PLN,CZK,5.812
2019-03-19T00:00:00,Česká spořitelna,RON,CZK,5.253
2019-03-19T00:00:00,Česká spořitelna,CZK,JPY,4.81811611659841
2019-03-19T00:00:00,Česká spořitelna,TRY,CZK,4.034
2019-03-19T00:00:00,Česká spořitelna,HRK,CZK,3.369
2019-03-19T00:00:00,Česká spořitelna,DKK,CZK,3.347
2019-03-19T00:00:00,Česká spořitelna,HKD,CZK,2.805
2019-03-19T00:00:00,Česká spořitelna,CZK,RUB,2.7403266469363152
2019-03-19T00:00:00,Česká spořitelna,NOK,CZK,2.578
2019-03-19T00:00:00,Česká spořitelna,SEK,CZK,2.385
2019-03-19T00:00:00,Česká spořitelna,ZAR,CZK,1.524
2019-03-19T00:00:00,Česká spořitelna,CZK,ZAR,0.6238303181534622
2019-03-19T00:00:00,Česká spořitelna,CZK,SEK,0.39872408293460926
2019-03-19T00:00:00,Česká spořitelna,CZK,NOK,0.36900369003690037
2019-03-19T00:00:00,Česká spořitelna,CZK,HKD,0.339097999321804
2019-03-19T00:00:00,Česká spořitelna,RUB,CZK,0.33685000000000004
2019-03-19T00:00:00,Česká spořitelna,CZK,DKK,0.2841716396703609
2019-03-19T00:00:00,Česká spořitelna,CZK,HRK,0.2824060999717594
2019-03-19T00:00:00,Česká spořitelna,CZK,TRY,0.23579344494223062
2019-03-19T00:00:00,Česká spořitelna,JPY,CZK,0.19743
2019-03-19T00:00:00,Česká spořitelna,CZK,RON,0.18109380659181457
2019-03-19T00:00:00,Česká spořitelna,CZK,PLN,0.1636661211129296
2019-03-19T00:00:00,Česká spořitelna,CZK,TND,0.12992074834351044
2019-03-19T00:00:00,Česká spořitelna,HUF,CZK,0.07952
2019-03-19T00:00:00,Česká spořitelna,CZK,BGN,0.07447680047665152
2019-03-19T00:00:00,Česká spořitelna,CZK,NZD,0.06293662282081944
2019-03-19T00:00:00,Česká spořitelna,CZK,AUD,0.06082355087890031
2019-03-19T00:00:00,Česká spořitelna,CZK,CAD,0.057597051030987216
2019-03-19T00:00:00,Česká spořitelna,CZK,CHF,0.043243243243243246
2019-03-19T00:00:00,Česká spořitelna,CZK,USD,0.04320027648176948
2019-03-19T00:00:00,Česká spořitelna,CZK,EUR,0.03807928106317353
2019-03-19T00:00:00,Česká spořitelna,CZK,GBP,0.03263068589701756
2019-03-20T00:00:00,Česká spořitelna,GBP,CZK,29.186
2019-03-20T00:00:00,Česká spořitelna,EUR,CZK,24.98
2019-03-20T00:00:00,Česká spořitelna,CHF,CZK,22.021
2019-03-20T00:00:00,Česká spořitelna,USD,CZK,22.005
2019-03-20T00:00:00,Česká spořitelna,CAD,CZK,16.578
2019-03-20T00:00:00,Česká spořitelna,AUD,CZK,15.627
2019-03-20T00:00:00,Česká spořitelna,NZD,CZK,15.113
2019-03-20T00:00:00,Česká spořitelna,BGN,CZK,12.769
2019-03-20T00:00:00,Česká spořitelna,CZK,HUF,11.92890373374687
2019-03-20T00:00:00,Česká spořitelna,TND,CZK,7.333
2019-03-20T00:00:00,Česká spořitelna,PLN,CZK,5.823
2019-03-20T00:00:00,Česká spořitelna,RON,CZK,5.248
2019-03-20T00:00:00,Česká spořitelna,CZK,JPY,4.815332017142582
2019-03-20T00:00:00,Česká spořitelna,TRY,CZK,4.015
2019-03-20T00:00:00,Česká spořitelna,HRK,CZK,3.368
2019-03-20T00:00:00,Česká spořitelna,DKK,CZK,3.348
2019-03-20T00:00:00,Česká spořitelna,HKD,CZK,2.803
2019-03-20T00:00:00,Česká spořitelna,CZK,RUB,2.747932181033772
2019-03-20T00:00:00,Česká spořitelna,NOK,CZK,2.58
2019-03-20T00:00:00,Česká spořitelna,SEK,CZK,2.394
2019-03-20T00:00:00,Česká spořitelna,ZAR,CZK,1.524
2019-03-20T00:00:00,Česká spořitelna,CZK,ZAR,0.6242197253433208
2019-03-20T00:00:00,Česká spořitelna,CZK,SEK,0.397456279809221
2019-03-20T00:00:00,Česká spořitelna,CZK,NOK,0.36859565057132326
2019-03-20T00:00:00,Česká spořitelna,CZK,HKD,0.33932813030200204
2019-03-20T00:00:00,Česká spořitelna,RUB,CZK,0.33591
2019-03-20T00:00:00,Česká spořitelna,CZK,DKK,0.2841716396703609
2019-03-20T00:00:00,Česká spořitelna,CZK,HRK,0.2824858757062147
2019-03-20T00:00:00,Česká spořitelna,CZK,TRY,0.2369106846718787
2019-03-20T00:00:00,Česká spořitelna,JPY,CZK,0.19754000000000002
2019-03-20T00:00:00,Česká spořitelna,CZK,RON,0.181257930034439
2019-03-20T00:00:00,Česká spořitelna,CZK,PLN,0.1633453119895459
2019-03-20T00:00:00,Česká spořitelna,CZK,TND,0.12971851083149566
2019-03-20T00:00:00,Česká spořitelna,HUF,CZK,0.07974
2019-03-20T00:00:00,Česká spořitelna,CZK,BGN,0.07449344457687723
2019-03-20T00:00:00,Česká spořitelna,CZK,NZD,0.06294058408862034
2019-03-20T00:00:00,Česká spořitelna,CZK,AUD,0.06086797735711243
2019-03-20T00:00:00,Česká spořitelna,CZK,CAD,0.05737893045673628
2019-03-20T00:00:00,Česká spořitelna,CZK,USD,0.0432264199878966
2019-03-20T00:00:00,Česká spořitelna,CZK,CHF,0.04319654427645789
2019-03-20T00:00:00,Česká spořitelna,CZK,EUR,0.03807928106317353
2019-03-20T00:00:00,Česká spořitelna,CZK,GBP,0.03259133722256624
2019-03-21T00:00:00,Česká spořitelna,GBP,CZK,29.085
2019-03-21T00:00:00,Česká spořitelna,EUR,CZK,25.009
2019-03-21T00:00:00,Česká spořitelna,CHF,CZK,22.08
2019-03-21T00:00:00,Česká spořitelna,USD,CZK,22.017
2019-03-21T00:00:00,Česká spořitelna,CAD,CZK,16.509
2019-03-21T00:00:00,Česká spořitelna,AUD,CZK,15.621
2019-03-21T00:00:00,Česká spořitelna,NZD,CZK,15.077
2019-03-21T00:00:00,Česká spořitelna,BGN,CZK,12.786
2019-03-21T00:00:00,Česká spořitelna,CZK,HUF,11.92890373374687
2019-03-21T00:00:00,Česká spořitelna,TND,CZK,7.342
2019-03-21T00:00:00,Česká spořitelna,PLN,CZK,5.841
2019-03-21T00:00:00,Česká spořitelna,RON,CZK,5.254
2019-03-21T00:00:00,Česká spořitelna,CZK,JPY,4.814172925091469
2019-03-21T00:00:00,Česká spořitelna,TRY,CZK,4.022
2019-03-21T00:00:00,Česká spořitelna,HRK,CZK,3.372
2019-03-21T00:00:00,Česká spořitelna,DKK,CZK,3.351
2019-03-21T00:00:00,Česká spořitelna,HKD,CZK,2.805
2019-03-21T00:00:00,Česká spořitelna,CZK,RUB,2.7389006052970335
2019-03-21T00:00:00,Česká spořitelna,NOK,CZK,2.578
2019-03-21T00:00:00,Česká spořitelna,SEK,CZK,2.399
2019-03-21T00:00:00,Česká spořitelna,ZAR,CZK,1.532
2019-03-21T00:00:00,Česká spořitelna,CZK,ZAR,0.6211180124223602
2019-03-21T00:00:00,Česká spořitelna,CZK,SEK,0.39651070578905634
2019-03-21T00:00:00,Česká spořitelna,CZK,NOK,0.36886757654002217
2019-03-21T00:00:00,Česká spořitelna,CZK,HKD,0.33921302578018997
2019-03-21T00:00:00,Česká spořitelna,RUB,CZK,0.33702
2019-03-21T00:00:00,Česká spořitelna,CZK,DKK,0.2838489923360772
2019-03-21T00:00:00,Česká spořitelna,CZK,HRK,0.2820874471086037
2019-03-21T00:00:00,Česká spořitelna,CZK,TRY,0.23651844843897826
2019-03-21T00:00:00,Česká spořitelna,JPY,CZK,0.19759000000000002
2019-03-21T00:00:00,Česká spořitelna,CZK,RON,0.18102824040550325
2019-03-21T00:00:00,Česká spořitelna,CZK,PLN,0.16286644951140067
2019-03-21T00:00:00,Česká spořitelna,CZK,TND,0.12955045990413266
2019-03-21T00:00:00,Česká spořitelna,HUF,CZK,0.07974
2019-03-21T00:00:00,Česká spořitelna,CZK,BGN,0.07439369141496802
2019-03-21T00:00:00,Česká spořitelna,CZK,NZD,0.06309148264984227
2019-03-21T00:00:00,Česká spořitelna,CZK,AUD,0.060893922786505905
2019-03-21T00:00:00,Česká spořitelna,CZK,CAD,0.05761696243374049
2019-03-21T00:00:00,Česká spořitelna,CZK,USD,0.043204009332066015
2019-03-21T00:00:00,Česká spořitelna,CZK,CHF,0.043081164914699294
2019-03-21T00:00:00,Česká spořitelna,CZK,EUR,0.03803582975162603
2019-03-21T00:00:00,Česká spořitelna,CZK,GBP,0.03270432024070379
2019-03-22T00:00:00,Česká spořitelna,GBP,CZK,28.826
2019-03-22T00:00:00,Česká spořitelna,EUR,CZK,25.009
2019-03-22T00:00:00,Česká spořitelna,CHF,CZK,22.139
2019-03-22T00:00:00,Česká spořitelna,USD,CZK,21.992
2019-03-22T00:00:00,Česká spořitelna,CAD,CZK,16.455
2019-03-22T00:00:00,Česká spořitelna,AUD,CZK,15.653
2019-03-22T00:00:00,Česká spořitelna,NZD,CZK,15.144
2019-03-22T00:00:00,Česká spořitelna,BGN,CZK,12.785
2019-03-22T00:00:00,Česká spořitelna,CZK,HUF,11.960291831120678
2019-03-22T00:00:00,Česká spořitelna,TND,CZK,7.335
2019-03-22T00:00:00,Česká spořitelna,PLN,CZK,5.841
2019-03-22T00:00:00,Česká spořitelna,RON,CZK,5.257
2019-03-22T00:00:00,Česká spořitelna,CZK,JPY,4.796853264258646
2019-03-22T00:00:00,Česká spořitelna,TRY,CZK,4.019
2019-03-22T00:00:00,Česká spořitelna,HRK,CZK,3.371
2019-03-22T00:00:00,Česká spořitelna,DKK,CZK,3.351
2019-03-22T00:00:00,Česká spořitelna,HKD,CZK,2.802
2019-03-22T00:00:00,Česká spořitelna,CZK,RUB,2.717908297774033
2019-03-22T00:00:00,Česká spořitelna,NOK,CZK,2.601
2019-03-22T00:00:00,Česká spořitelna,SEK,CZK,2.401
2019-03-22T00:00:00,Česká spořitelna,ZAR,CZK,1.545
2019-03-22T00:00:00,Česká spořitelna,CZK,ZAR,0.6153846153846154
2019-03-22T00:00:00,Česká spořitelna,CZK,SEK,0.39619651347068147
2019-03-22T00:00:00,Česká spořitelna,CZK,NOK,0.365764447695684
2019-03-22T00:00:00,Česká spořitelna,RUB,CZK,0.33963
2019-03-22T00:00:00,Česká spořitelna,CZK,HKD,0.3394433129667345
2019-03-22T00:00:00,Česká spořitelna,CZK,DKK,0.2838489923360772
2019-03-22T00:00:00,Česká spořitelna,CZK,HRK,0.28216704288939054
2019-03-22T00:00:00,Česká spořitelna,CZK,TRY,0.2366863905325444
2019-03-22T00:00:00,Česká spořitelna,JPY,CZK,0.19829999999999998
2019-03-22T00:00:00,Česká spořitelna,CZK,RON,0.1809299800977022
2019-03-22T00:00:00,Česká spořitelna,CZK,PLN,0.16286644951140067
2019-03-22T00:00:00,Česká spořitelna,CZK,TND,0.12968486577616392
2019-03-22T00:00:00,Česká spořitelna,HUF,CZK,0.07953
2019-03-22T00:00:00,Česká spořitelna,CZK,BGN,0.07439922624804701
2019-03-22T00:00:00,Česká spořitelna,CZK,NZD,0.06281012499214873
2019-03-22T00:00:00,Česká spořitelna,CZK,AUD,0.060768108896451144
2019-03-22T00:00:00,Česká spořitelna,CZK,CAD,0.05780680964217585
2019-03-22T00:00:00,Česká spořitelna,CZK,USD,0.04325259515570934
2019-03-22T00:00:00,Česká spořitelna,CZK,CHF,0.04296640027498496
2019-03-22T00:00:00,Česká spořitelna,CZK,EUR,0.03803582975162603
2019-03-22T00:00:00,Česká spořitelna,CZK,GBP,0.032998944033790924
2019-03-25T00:00:00,Česká spořitelna,GBP,CZK,29.366
2019-03-25T00:00:00,Česká spořitelna,EUR,CZK,25.116
2019-03-25T00:00:00,Česká spořitelna,CHF,CZK,22.386
2019-03-25T00:00:00,Česká spořitelna,USD,CZK,22.276
2019-03-25T00:00:00,Česká spořitelna,CAD,CZK,16.6
2019-03-25T00:00:00,Česká spořitelna,AUD,CZK,15.784
2019-03-25T00:00:00,Česká spořitelna,NZD,CZK,15.32
2019-03-25T00:00:00,Česká spořitelna,BGN,CZK,12.841
2019-03-25T00:00:00,Česká spořitelna,CZK,HUF,11.99184554502938
2019-03-25T00:00:00,Česká spořitelna,TND,CZK,7.404
2019-03-25T00:00:00,Česká spořitelna,PLN,CZK,5.84
2019-03-25T00:00:00,Česká spořitelna,RON,CZK,5.283
2019-03-25T00:00:00,Česká spořitelna,CZK,JPY,4.694174529409003
2019-03-25T00:00:00,Česká spořitelna,TRY,CZK,3.883
2019-03-25T00:00:00,Česká spořitelna,HRK,CZK,3.385
2019-03-25T00:00:00,Česká spořitelna,DKK,CZK,3.366
2019-03-25T00:00:00,Česká spořitelna,HKD,CZK,2.839
2019-03-25T00:00:00,Česká spořitelna,CZK,RUB,2.726430012541578
2019-03-25T00:00:00,Česká spořitelna,NOK,CZK,2.597
2019-03-25T00:00:00,Česká spořitelna,SEK,CZK,2.395
2019-03-25T00:00:00,Česká spořitelna,ZAR,CZK,1.536
2019-03-25T00:00:00,Česká spořitelna,CZK,ZAR,0.6191950464396285
2019-03-25T00:00:00,Česká spořitelna,CZK,SEK,0.39714058776806993
2019-03-25T00:00:00,Česká spořitelna,CZK,NOK,0.3663003663003663
2019-03-25T00:00:00,Česká spořitelna,RUB,CZK,0.33856
2019-03-25T00:00:00,Česká spořitelna,CZK,HKD,0.3351206434316354
2019-03-25T00:00:00,Česká spořitelna,CZK,DKK,0.2826455624646693
2019-03-25T00:00:00,Česká spořitelna,CZK,HRK,0.2809778027535825
2019-03-25T00:00:00,Česká spořitelna,CZK,TRY,0.24491795248591722
2019-03-25T00:00:00,Česká spořitelna,JPY,CZK,0.20264
2019-03-25T00:00:00,Česká spořitelna,CZK,RON,0.18005041411595246
2019-03-25T00:00:00,Česká spořitelna,CZK,PLN,0.16286644951140067
2019-03-25T00:00:00,Česká spořitelna,CZK,TND,0.12848515996402415
2019-03-25T00:00:00,Česká spořitelna,HUF,CZK,0.07932
2019-03-25T00:00:00,Česká spořitelna,CZK,BGN,0.07407956144899622
2019-03-25T00:00:00,Česká spořitelna,CZK,NZD,0.06208866261020737
2019-03-25T00:00:00,Česká spořitelna,CZK,AUD,0.0602663773880552
2019-03-25T00:00:00,Česká spořitelna,CZK,CAD,0.057300022920009165
2019-03-25T00:00:00,Česká spořitelna,CZK,USD,0.04270219489281749
2019-03-25T00:00:00,Česká spořitelna,CZK,CHF,0.042493519738239914
2019-03-25T00:00:00,Česká spořitelna,CZK,EUR,0.037873049537948796
2019-03-25T00:00:00,Česká spořitelna,CZK,GBP,0.0323918113500907
2019-03-26T00:00:00,Česká spořitelna,GBP,CZK,29.298
2019-03-26T00:00:00,Česká spořitelna,EUR,CZK,25.106
2019-03-26T00:00:00,Česká spořitelna,CHF,CZK,22.355
2019-03-26T00:00:00,Česká spořitelna,USD,CZK,22.172
2019-03-26T00:00:00,Česká spořitelna,CAD,CZK,16.514
2019-03-26T00:00:00,Česká spořitelna,AUD,CZK,15.756
2019-03-26T00:00:00,Česká spořitelna,NZD,CZK,15.312
2019-03-26T00:00:00,Česká spořitelna,BGN,CZK,12.835
2019-03-26T00:00:00,Česká spořitelna,CZK,HUF,11.981787682722262
2019-03-26T00:00:00,Česká spořitelna,TND,CZK,7.398
2019-03-26T00:00:00,Česká spořitelna,PLN,CZK,5.85
2019-03-26T00:00:00,Česká spořitelna,RON,CZK,5.277
2019-03-26T00:00:00,Česká spořitelna,CZK,JPY,4.720766652504366
2019-03-26T00:00:00,Česká spořitelna,TRY,CZK,3.953
2019-03-26T00:00:00,Česká spořitelna,HRK,CZK,3.385
2019-03-26T00:00:00,Česká spořitelna,DKK,CZK,3.363
2019-03-26T00:00:00,Česká spořitelna,HKD,CZK,2.825
2019-03-26T00:00:00,Česká spořitelna,CZK,RUB,2.7117173305854596
2019-03-26T00:00:00,Česká spořitelna,NOK,CZK,2.596
2019-03-26T00:00:00,Česká spořitelna,SEK,CZK,2.402
2019-03-26T00:00:00,Česká spořitelna,ZAR,CZK,1.545
2019-03-26T00:00:00,Česká spořitelna,CZK,ZAR,0.6157635467980295
2019-03-26T00:00:00,Česká spořitelna,CZK,SEK,0.39588281868566905
2019-03-26T00:00:00,Česká spořitelna,CZK,NOK,0.36643459142543056
2019-03-26T00:00:00,Česká spořitelna,RUB,CZK,0.3404
2019-03-26T00:00:00,Česká spořitelna,CZK,HKD,0.33670033670033667
2019-03-26T00:00:00,Česká spořitelna,CZK,DKK,0.2828054298642534
2019-03-26T00:00:00,Česká spořitelna,CZK,HRK,0.2810567734682406
2019-03-26T00:00:00,Česká spořitelna,CZK,TRY,0.24061597690086622
2019-03-26T00:00:00,Česká spořitelna,JPY,CZK,0.20149999999999998
2019-03-26T00:00:00,Česká spořitelna,CZK,RON,0.1802451333813987
2019-03-26T00:00:00,Česká spořitelna,CZK,PLN,0.16260162601626016
2019-03-26T00:00:00,Česká spořitelna,CZK,TND,0.12858428700012858
2019-03-26T00:00:00,Česká spořitelna,HUF,CZK,0.07939
2019-03-26T00:00:00,Česká spořitelna,CZK,BGN,0.0741070105231955
2019-03-26T00:00:00,Česká spořitelna,CZK,NZD,0.06212337702677517
2019-03-26T00:00:00,Česká spořitelna,CZK,AUD,0.060371890847621346
2019-03-26T00:00:00,Česká spořitelna,CZK,CAD,0.05760036864235931
2019-03-26T00:00:00,Česká spořitelna,CZK,USD,0.04290188339268094
2019-03-26T00:00:00,Česká spořitelna,CZK,CHF,0.04254957024934048
2019-03-26T00:00:00,Česká spořitelna,CZK,EUR,0.03788739865120861
2019-03-26T00:00:00,Česká spořitelna,CZK,GBP,0.032467532467532464
2019-03-27T00:00:00,Česká spořitelna,GBP,CZK,29.422
2019-03-27T00:00:00,Česká spořitelna,EUR,CZK,25.116
2019-03-27T00:00:00,Česká spořitelna,CHF,CZK,22.359
2019-03-27T00:00:00,Česká spořitelna,USD,CZK,22.233
2019-03-27T00:00:00,Česká spořitelna,CAD,CZK,16.611
2019-03-27T00:00:00,Česká spořitelna,AUD,CZK,15.88
2019-03-27T00:00:00,Česká spořitelna,NZD,CZK,15.381
2019-03-27T00:00:00,Česká spořitelna,BGN,CZK,12.839
2019-03-27T00:00:00,Česká spořitelna,CZK,HUF,12.068549360366884
2019-03-27T00:00:00,Česká spořitelna,TND,CZK,7.404
2019-03-27T00:00:00,Česká spořitelna,PLN,CZK,5.852
2019-03-27T00:00:00,Česká spořitelna,RON,CZK,5.281
2019-03-27T00:00:00,Česká spořitelna,CZK,JPY,4.7308165389346195
2019-03-27T00:00:00,Česká spořitelna,TRY,CZK,4.057
2019-03-27T00:00:00,Česká spořitelna,HRK,CZK,3.385
2019-03-27T00:00:00,Česká spořitelna,DKK,CZK,3.364
2019-03-27T00:00:00,Česká spořitelna,HKD,CZK,2.833
2019-03-27T00:00:00,Česká spořitelna,CZK,RUB,2.7136305663346993
2019-03-27T00:00:00,Česká spořitelna,NOK,CZK,2.607
2019-03-27T00:00:00,Česká spořitelna,SEK,CZK,2.411
2019-03-27T00:00:00,Česká spořitelna,ZAR,CZK,1.543
2019-03-27T00:00:00,Česká spořitelna,CZK,ZAR,0.6165228113440197
2019-03-27T00:00:00,Česká spořitelna,CZK,SEK,0.3944773175542406
2019-03-27T00:00:00,Česká spořitelna,CZK,NOK,0.36483035388544327
2019-03-27T00:00:00,Česká spořitelna,RUB,CZK,0.34017000000000003
2019-03-27T00:00:00,Česká spořitelna,CZK,HKD,0.33579583613163194
2019-03-27T00:00:00,Česká spořitelna,CZK,DKK,0.28272547356516825
2019-03-27T00:00:00,Česká spořitelna,CZK,HRK,0.2809778027535825
2019-03-27T00:00:00,Česká spořitelna,CZK,TRY,0.2344665885111372
2019-03-27T00:00:00,Česká spořitelna,JPY,CZK,0.20107
2019-03-27T00:00:00,Česká spořitelna,CZK,RON,0.18014772113132768
2019-03-27T00:00:00,Česká spořitelna,CZK,PLN,0.1625487646293888
2019-03-27T00:00:00,Česká spořitelna,CZK,TND,0.12846865364850976
2019-03-27T00:00:00,Česká spořitelna,HUF,CZK,0.07882
2019-03-27T00:00:00,Česká spořitelna,CZK,BGN,0.0740905386382159
2019-03-27T00:00:00,Česká spořitelna,CZK,NZD,0.061842918985776124
2019-03-27T00:00:00,Česká spořitelna,CZK,AUD,0.05989817310572027
2019-03-27T00:00:00,Česká spořitelna,CZK,CAD,0.05726392945083891
2019-03-27T00:00:00,Česká spořitelna,CZK,USD,0.04278257893385814
2019-03-27T00:00:00,Česká spořitelna,CZK,CHF,0.04254413954477771
2019-03-27T00:00:00,Česká spořitelna,CZK,EUR,0.037873049537948796
2019-03-27T00:00:00,Česká spořitelna,CZK,GBP,0.032331070158422244
2019-03-28T00:00:00,Česká spořitelna,GBP,CZK,29.545
2019-03-28T00:00:00,Česká spořitelna,EUR,CZK,25.155
2019-03-28T00:00:00,Česká spořitelna,CHF,CZK,22.473
2019-03-28T00:00:00,Česká spořitelna,USD,CZK,22.365
2019-03-28T00:00:00,Česká spořitelna,CAD,CZK,16.669
2019-03-28T00:00:00,Česká spořitelna,AUD,CZK,15.828
2019-03-28T00:00:00,Česká spořitelna,NZD,CZK,15.188
2019-03-28T00:00:00,Česká spořitelna,BGN,CZK,12.859
2019-03-28T00:00:00,Česká spořitelna,CZK,HUF,12.100677637947726
2019-03-28T00:00:00,Česká spořitelna,TND,CZK,7.43
2019-03-28T00:00:00,Česká spořitelna,PLN,CZK,5.857
2019-03-28T00:00:00,Česká spořitelna,RON,CZK,5.285
2019-03-28T00:00:00,Česká spořitelna,CZK,JPY,4.695056105920466
2019-03-28T00:00:00,Česká spořitelna,TRY,CZK,4.115
2019-03-28T00:00:00,Česká spořitelna,HRK,CZK,3.386
2019-03-28T00:00:00,Česká spořitelna,DKK,CZK,3.369
2019-03-28T00:00:00,Česká spořitelna,HKD,CZK,2.849
2019-03-28T00:00:00,Česká spořitelna,CZK,RUB,2.7206442485580586
2019-03-28T00:00:00,Česká spořitelna,NOK,CZK,2.59
2019-03-28T00:00:00,Česká spořitelna,SEK,CZK,2.409
2019-03-28T00:00:00,Česká spořitelna,ZAR,CZK,1.531
2019-03-28T00:00:00,Česká spořitelna,CZK,ZAR,0.6211180124223602
2019-03-28T00:00:00,Česká spořitelna,CZK,SEK,0.3947887879984209
2019-03-28T00:00:00,Česká spořitelna,CZK,NOK,0.36737692872887584
2019-03-28T00:00:00,Česká spořitelna,RUB,CZK,0.33929000000000004
2019-03-28T00:00:00,Česká spořitelna,CZK,HKD,0.33377837116154874
2019-03-28T00:00:00,Česká spořitelna,CZK,DKK,0.282326369282891
2019-03-28T00:00:00,Česká spořitelna,CZK,HRK,0.2808988764044944
2019-03-28T00:00:00,Česká spořitelna,CZK,TRY,0.23116042533518263
2019-03-28T00:00:00,Česká spořitelna,JPY,CZK,0.2026
2019-03-28T00:00:00,Česká spořitelna,CZK,RON,0.17998560115190784
2019-03-28T00:00:00,Česká spořitelna,CZK,PLN,0.16241676140977748
2019-03-28T00:00:00,Česká spořitelna,CZK,TND,0.12802458071949815
2019-03-28T00:00:00,Česká spořitelna,HUF,CZK,0.07861
2019-03-28T00:00:00,Česká spořitelna,CZK,BGN,0.07397544015386891
2019-03-28T00:00:00,Česká spořitelna,CZK,NZD,0.06262917266862905
2019-03-28T00:00:00,Česká spořitelna,CZK,AUD,0.06009976561091412
2019-03-28T00:00:00,Česká spořitelna,CZK,CAD,0.05706785367802317
2019-03-28T00:00:00,Česká spořitelna,CZK,USD,0.042531473290234774
2019-03-28T00:00:00,Česká spořitelna,CZK,CHF,0.042328042328042326
2019-03-28T00:00:00,Česká spořitelna,CZK,EUR,0.03781433163168841
2019-03-28T00:00:00,Česká spořitelna,CZK,GBP,0.03219575016097875
2019-03-29T00:00:00,Česká spořitelna,GBP,CZK,29.321
2019-03-29T00:00:00,Česká spořitelna,EUR,CZK,25.165
2019-03-29T00:00:00,Česká spořitelna,CHF,CZK,22.484
2019-03-29T00:00:00,Česká spořitelna,USD,CZK,22.41
2019-03-29T00:00:00,Česká spořitelna,CAD,CZK,16.694
2019-03-29T00:00:00,Česká spořitelna,AUD,CZK,15.859
2019-03-29T00:00:00,Česká spořitelna,NZD,CZK,15.215
2019-03-29T00:00:00,Česká spořitelna,BGN,CZK,12.866
2019-03-29T00:00:00,Česká spořitelna,CZK,HUF,12.112403100775193
2019-03-29T00:00:00,Česká spořitelna,TND,CZK,7.425
2019-03-29T00:00:00,Česká spořitelna,PLN,CZK,5.854
2019-03-29T00:00:00,Česká spořitelna,RON,CZK,5.281
2019-03-29T00:00:00,Česká spořitelna,CZK,JPY,4.695276551788901
2019-03-29T00:00:00,Česká spořitelna,TRY,CZK,4.035
2019-03-29T00:00:00,Česká spořitelna,HRK,CZK,3.386
2019-03-29T00:00:00,Česká spořitelna,DKK,CZK,3.371
2019-03-29T00:00:00,Česká spořitelna,HKD,CZK,2.855
2019-03-29T00:00:00,Česká spořitelna,CZK,RUB,2.724201808870001
2019-03-29T00:00:00,Česká spořitelna,NOK,CZK,2.591
2019-03-29T00:00:00,Česká spořitelna,SEK,CZK,2.41
2019-03-29T00:00:00,Česká spořitelna,ZAR,CZK,1.527
2019-03-29T00:00:00,Česká spořitelna,CZK,ZAR,0.62266500622665
2019-03-29T00:00:00,Česká spořitelna,CZK,SEK,0.3947887879984209
2019-03-29T00:00:00,Česká spořitelna,CZK,NOK,0.36724201248622845
2019-03-29T00:00:00,Česká spořitelna,RUB,CZK,0.33884000000000003
2019-03-29T00:00:00,Česká spořitelna,CZK,HKD,0.33322225924691773
2019-03-29T00:00:00,Česká spořitelna,CZK,DKK,0.28216704288939054
2019-03-29T00:00:00,Česká spořitelna,CZK,HRK,0.2808988764044944
2019-03-29T00:00:00,Česká spořitelna,CZK,TRY,0.23579344494223062
2019-03-29T00:00:00,Česká spořitelna,JPY,CZK,0.20259
2019-03-29T00:00:00,Česká spořitelna,CZK,RON,0.18011527377521616
2019-03-29T00:00:00,Česká spořitelna,CZK,PLN,0.16249593760155998
2019-03-29T00:00:00,Česká spořitelna,CZK,TND,0.12810658467845248
2019-03-29T00:00:00,Česká spořitelna,HUF,CZK,0.07853
2019-03-29T00:00:00,Česká spořitelna,CZK,BGN,0.07393715341959334
2019-03-29T00:00:00,Česká spořitelna,CZK,NZD,0.06251953735542358
2019-03-29T00:00:00,Česká spořitelna,CZK,AUD,0.05998080614203455
2019-03-29T00:00:00,Česká spořitelna,CZK,CAD,0.05698005698005698
2019-03-29T00:00:00,Česká spořitelna,CZK,USD,0.042446623371110825
2019-03-29T00:00:00,Česká spořitelna,CZK,CHF,0.04230655328510386
2019-03-29T00:00:00,Česká spořitelna,CZK,EUR,0.0378000378000378
2019-03-29T00:00:00,Česká spořitelna,CZK,GBP,0.03244225279003374
2019-04-01T00:00:00,Česká spořitelna,GBP,CZK,29.14
2019-04-01T00:00:00,Česká spořitelna,EUR,CZK,25.175
2019-04-01T00:00:00,Česká spořitelna,CHF,CZK,22.506
2019-04-01T00:00:00,Česká spořitelna,USD,CZK,22.429
2019-04-01T00:00:00,Česká spořitelna,CAD,CZK,16.781
2019-04-01T00:00:00,Česká spořitelna,AUD,CZK,15.892
2019-04-01T00:00:00,Česká spořitelna,NZD,CZK,15.265
2019-04-01T00:00:00,Česká spořitelna,BGN,CZK,12.871
2019-04-01T00:00:00,Česká spořitelna,CZK,HUF,12.137395314965408
2019-04-01T00:00:00,Česká spořitelna,TND,CZK,7.447
2019-04-01T00:00:00,Česká spořitelna,PLN,CZK,5.851
2019-04-01T00:00:00,Česká spořitelna,RON,CZK,5.285
2019-04-01T00:00:00,Česká spořitelna,CZK,JPY,4.704775346977182
2019-04-01T00:00:00,Česká spořitelna,TRY,CZK,3.976
2019-04-01T00:00:00,Česká spořitelna,HRK,CZK,3.386
2019-04-01T00:00:00,Česká spořitelna,DKK,CZK,3.372
2019-04-01T00:00:00,Česká spořitelna,HKD,CZK,2.857
2019-04-01T00:00:00,Česká spořitelna,CZK,RUB,2.7408524050979857
2019-04-01T00:00:00,Česká spořitelna,NOK,CZK,2.6
2019-04-01T00:00:00,Česká spořitelna,SEK,CZK,2.418
2019-04-01T00:00:00,Česká spořitelna,ZAR,CZK,1.548
2019-04-01T00:00:00,Česká spořitelna,CZK,ZAR,0.6146281499692686
2019-04-01T00:00:00,Česká spořitelna,CZK,SEK,0.39339103068450043
2019-04-01T00:00:00,Česká spořitelna,CZK,NOK,0.365764447695684
2019-04-01T00:00:00,Česká spořitelna,RUB,CZK,0.33677999999999997
2019-04-01T00:00:00,Česká spořitelna,CZK,HKD,0.33288948069241014
2019-04-01T00:00:00,Česká spořitelna,CZK,DKK,0.2820874471086037
2019-04-01T00:00:00,Česká spořitelna,CZK,HRK,0.2808988764044944
2019-04-01T00:00:00,Česká spořitelna,CZK,TRY,0.23923444976076558
2019-04-01T00:00:00,Česká spořitelna,JPY,CZK,0.20218
2019-04-01T00:00:00,Česká spořitelna,CZK,RON,0.17998560115190784
2019-04-01T00:00:00,Česká spořitelna,CZK,PLN,0.16257519102584947
2019-04-01T00:00:00,Česká spořitelna,CZK,TND,0.12774655084312722
2019-04-01T00:00:00,Česká spořitelna,HUF,CZK,0.07837
2019-04-01T00:00:00,Česká spořitelna,CZK,BGN,0.07389890629618681
2019-04-01T00:00:00,Česká spořitelna,CZK,NZD,0.06231306081754737
2019-04-01T00:00:00,Česká spořitelna,CZK,AUD,0.059855150535703595
2019-04-01T00:00:00,Česká spořitelna,CZK,CAD,0.05668612890425714
2019-04-01T00:00:00,Česká spořitelna,CZK,USD,0.042410619619152636
2019-04-01T00:00:00,Česká spořitelna,CZK,CHF,0.042265426880811495
2019-04-01T00:00:00,Česká spořitelna,CZK,EUR,0.03778432706113504
2019-04-01T00:00:00,Česká spořitelna,CZK,GBP,0.032643468042044786
2019-04-02T00:00:00,Česká spořitelna,GBP,CZK,29.368
2019-04-02T00:00:00,Česká spořitelna,EUR,CZK,25.155
2019-04-02T00:00:00,Česká spořitelna,CHF,CZK,22.481
2019-04-02T00:00:00,Česká spořitelna,USD,CZK,22.41
2019-04-02T00:00:00,Česká spořitelna,CAD,CZK,16.776
2019-04-02T00:00:00,Česká spořitelna,AUD,CZK,15.966
2019-04-02T00:00:00,Česká spořitelna,NZD,CZK,15.286
2019-04-02T00:00:00,Česká spořitelna,BGN,CZK,12.862
2019-04-02T00:00:00,Česká spořitelna,CZK,HUF,12.152144853566655
2019-04-02T00:00:00,Česká spořitelna,TND,CZK,7.424
2019-04-02T00:00:00,Česká spořitelna,PLN,CZK,5.854
2019-04-02T00:00:00,Česká spořitelna,RON,CZK,5.282
2019-04-02T00:00:00,Česká spořitelna,CZK,JPY,4.716981132075472
2019-04-02T00:00:00,Česká spořitelna,TRY,CZK,4.054
2019-04-02T00:00:00,Česká spořitelna,HRK,CZK,3.387
2019-04-02T00:00:00,Česká spořitelna,DKK,CZK,3.37
2019-04-02T00:00:00,Česká spořitelna,HKD,CZK,2.855
2019-04-02T00:00:00,Česká spořitelna,CZK,RUB,2.7431079412974904
2019-04-02T00:00:00,Česká spořitelna,NOK,CZK,2.612
2019-04-02T00:00:00,Česká spořitelna,SEK,CZK,2.415
2019-04-02T00:00:00,Česká spořitelna,ZAR,CZK,1.581
2019-04-02T00:00:00,Česká spořitelna,CZK,ZAR,0.601684717208183
2019-04-02T00:00:00,Česká spořitelna,CZK,SEK,0.39385584875935403
2019-04-02T00:00:00,Česká spořitelna,CZK,NOK,0.3641660597232338
2019-04-02T00:00:00,Česká spořitelna,RUB,CZK,0.33651000000000003
2019-04-02T00:00:00,Česká spořitelna,CZK,HKD,0.33322225924691773
2019-04-02T00:00:00,Česká spořitelna,CZK,DKK,0.28224668360146765
2019-04-02T00:00:00,Česká spořitelna,CZK,HRK,0.2808199943836001
2019-04-02T00:00:00,Česká spořitelna,CZK,TRY,0.23463162834350074
2019-04-02T00:00:00,Česká spořitelna,JPY,CZK,0.20166
2019-04-02T00:00:00,Česká spořitelna,CZK,RON,0.18008283810552855
2019-04-02T00:00:00,Česká spořitelna,CZK,PLN,0.16249593760155998
2019-04-02T00:00:00,Česká spořitelna,CZK,TND,0.12813941568426448
2019-04-02T00:00:00,Česká spořitelna,HUF,CZK,0.07827
2019-04-02T00:00:00,Česká spořitelna,CZK,BGN,0.07395355716609969
2019-04-02T00:00:00,Česká spořitelna,CZK,NZD,0.06222775357809583
2019-04-02T00:00:00,Česká spořitelna,CZK,AUD,0.05957700327673518
2019-04-02T00:00:00,Česká spořitelna,CZK,CAD,0.056702200045361764
2019-04-02T00:00:00,Česká spořitelna,CZK,USD,0.042446623371110825
2019-04-02T00:00:00,Česká spořitelna,CZK,CHF,0.04231371387466678
2019-04-02T00:00:00,Česká spořitelna,CZK,EUR,0.03781433163168841
2019-04-02T00:00:00,Česká spořitelna,CZK,GBP,0.03238971302714258
2019-04-03T00:00:00,Česká spořitelna,GBP,CZK,29.233
2019-04-03T00:00:00,Česká spořitelna,EUR,CZK,25.106
2019-04-03T00:00:00,Česká spořitelna,CHF,CZK,22.436
2019-04-03T00:00:00,Česká spořitelna,USD,CZK,22.413
2019-04-03T00:00:00,Česká spořitelna,CAD,CZK,16.811
2019-04-03T00:00:00,Česká spořitelna,AUD,CZK,15.842
2019-04-03T00:00:00,Česká spořitelna,NZD,CZK,15.131
2019-04-03T00:00:00,Česká spořitelna,BGN,CZK,12.839
2019-04-03T00:00:00,Česká spořitelna,CZK,HUF,12.178784557301181
2019-04-03T00:00:00,Česká spořitelna,TND,CZK,7.433
2019-04-03T00:00:00,Česká spořitelna,PLN,CZK,5.845
2019-04-03T00:00:00,Česká spořitelna,RON,CZK,5.276
2019-04-03T00:00:00,Česká spořitelna,CZK,JPY,4.725897920604915
2019-04-03T00:00:00,Česká spořitelna,TRY,CZK,4.018
2019-04-03T00:00:00,Česká spořitelna,HRK,CZK,3.38
2019-04-03T00:00:00,Česká spořitelna,DKK,CZK,3.363
2019-04-03T00:00:00,Česká spořitelna,HKD,CZK,2.855
2019-04-03T00:00:00,Česká spořitelna,CZK,RUB,2.7394258163488936
2019-04-03T00:00:00,Česká spořitelna,NOK,CZK,2.603
2019-04-03T00:00:00,Česká spořitelna,SEK,CZK,2.403
2019-04-03T00:00:00,Česká spořitelna,ZAR,CZK,1.579
2019-04-03T00:00:00,Česká spořitelna,CZK,ZAR,0.6024096385542169
2019-04-03T00:00:00,Česká spořitelna,CZK,SEK,0.39588281868566905
2019-04-03T00:00:00,Česká spořitelna,CZK,NOK,0.36536353671903543
2019-04-03T00:00:00,Česká spořitelna,RUB,CZK,0.33696
2019-04-03T00:00:00,Česká spořitelna,CZK,HKD,0.33311125916055967
2019-04-03T00:00:00,Česká spořitelna,CZK,DKK,0.2828854314002829
2019-04-03T00:00:00,Česká spořitelna,CZK,HRK,0.28137310073157007
2019-04-03T00:00:00,Česká spořitelna,CZK,TRY,0.23674242424242423
2019-04-03T00:00:00,Česká spořitelna,JPY,CZK,0.20128000000000001
2019-04-03T00:00:00,Česká spořitelna,CZK,RON,0.1802776275464215
2019-04-03T00:00:00,Česká spořitelna,CZK,PLN,0.16276041666666666
2019-04-03T00:00:00,Česká spořitelna,CZK,TND,0.1279754287176862
2019-04-03T00:00:00,Česká spořitelna,HUF,CZK,0.07811
2019-04-03T00:00:00,Česká spořitelna,CZK,BGN,0.0740905386382159
2019-04-03T00:00:00,Česká spořitelna,CZK,NZD,0.0628654051675363
2019-04-03T00:00:00,Česká spořitelna,CZK,AUD,0.060045634682358594
2019-04-03T00:00:00,Česká spořitelna,CZK,CAD,0.05658348893792792
2019-04-03T00:00:00,Česká spořitelna,CZK,USD,0.04243941773118873
2019-04-03T00:00:00,Česká spořitelna,CZK,CHF,0.042398032731281274
2019-04-03T00:00:00,Česká spořitelna,CZK,EUR,0.03788739865120861
2019-04-03T00:00:00,Česká spořitelna,CZK,GBP,0.032539372640895486
2019-04-04T00:00:00,Česká spořitelna,GBP,CZK,29.338
2019-04-04T00:00:00,Česká spořitelna,EUR,CZK,25.077
2019-04-04T00:00:00,Česká spořitelna,CHF,CZK,22.405
2019-04-04T00:00:00,Česká spořitelna,USD,CZK,22.309
2019-04-04T00:00:00,Česká spořitelna,CAD,CZK,16.733
2019-04-04T00:00:00,Česká spořitelna,AUD,CZK,15.887
2019-04-04T00:00:00,Česká spořitelna,NZD,CZK,15.14
2019-04-04T00:00:00,Česká spořitelna,BGN,CZK,12.82
2019-04-04T00:00:00,Česká spořitelna,CZK,HUF,12.143290831815422
2019-04-04T00:00:00,Česká spořitelna,TND,CZK,7.4
2019-04-04T00:00:00,Česká spořitelna,PLN,CZK,5.847
2019-04-04T00:00:00,Česká spořitelna,RON,CZK,5.274
2019-04-04T00:00:00,Česká spořitelna,CZK,JPY,4.749465685110425
2019-04-04T00:00:00,Česká spořitelna,TRY,CZK,3.97
2019-04-04T00:00:00,Česká spořitelna,HRK,CZK,3.376
2019-04-04T00:00:00,Česká spořitelna,DKK,CZK,3.36
2019-04-04T00:00:00,Česká spořitelna,HKD,CZK,2.842
2019-04-04T00:00:00,Česká spořitelna,CZK,RUB,2.7421300866513105
2019-04-04T00:00:00,Česká spořitelna,NOK,CZK,2.605
2019-04-04T00:00:00,Česká spořitelna,SEK,CZK,2.404
2019-04-04T00:00:00,Česká spořitelna,ZAR,CZK,1.574
2019-04-04T00:00:00,Česká spořitelna,CZK,ZAR,0.6042296072507553
2019-04-04T00:00:00,Česká spořitelna,CZK,SEK,0.39556962025316456
2019-04-04T00:00:00,Česká spořitelna,CZK,NOK,0.36509675063891933
2019-04-04T00:00:00,Česká spořitelna,RUB,CZK,0.33663
2019-04-04T00:00:00,Česká spořitelna,CZK,HKD,0.33467202141900937
2019-04-04T00:00:00,Česká spořitelna,CZK,DKK,0.28312570781426954
2019-04-04T00:00:00,Česká spořitelna,CZK,HRK,0.2817695125387433
2019-04-04T00:00:00,Česká spořitelna,CZK,TRY,0.23963575365444523
2019-04-04T00:00:00,Česká spořitelna,JPY,CZK,0.20027999999999999
2019-04-04T00:00:00,Česká spořitelna,CZK,RON,0.18037518037518038
2019-04-04T00:00:00,Česká spořitelna,CZK,PLN,0.16268098259313485
2019-04-04T00:00:00,Česká spořitelna,CZK,TND,0.12853470437017994
2019-04-04T00:00:00,Česká spořitelna,HUF,CZK,0.07833999999999999
2019-04-04T00:00:00,Česká spořitelna,CZK,BGN,0.07420048972323218
2019-04-04T00:00:00,Česká spořitelna,CZK,NZD,0.06282985674792661
2019-04-04T00:00:00,Česká spořitelna,CZK,AUD,0.059873069093521726
2019-04-04T00:00:00,Česká spořitelna,CZK,CAD,0.0568472514353931
2019-04-04T00:00:00,Česká spořitelna,CZK,USD,0.04263846842621413
2019-04-04T00:00:00,Česká spořitelna,CZK,CHF,0.04245563386261357
2019-04-04T00:00:00,Česká spořitelna,CZK,EUR,0.03793195008155369
2019-04-04T00:00:00,Česká spořitelna,CZK,GBP,0.03242331885091758
2019-04-05T00:00:00,Česká spořitelna,GBP,CZK,29.262
2019-04-05T00:00:00,Česká spořitelna,EUR,CZK,25.038
2019-04-05T00:00:00,Česká spořitelna,CHF,CZK,22.334
2019-04-05T00:00:00,Česká spořitelna,USD,CZK,22.325
2019-04-05T00:00:00,Česká spořitelna,CAD,CZK,16.712
2019-04-05T00:00:00,Česká spořitelna,AUD,CZK,15.878
2019-04-05T00:00:00,Česká spořitelna,NZD,CZK,15.085
2019-04-05T00:00:00,Česká spořitelna,BGN,CZK,12.802
2019-04-05T00:00:00,Česká spořitelna,CZK,HUF,12.1654501216545
2019-04-05T00:00:00,Česká spořitelna,TND,CZK,7.426
2019-04-05T00:00:00,Česká spořitelna,PLN,CZK,5.837
2019-04-05T00:00:00,Česká spořitelna,RON,CZK,5.271
2019-04-05T00:00:00,Česká spořitelna,CZK,JPY,4.7521741196597445
2019-04-05T00:00:00,Česká spořitelna,TRY,CZK,4.004
2019-04-05T00:00:00,Česká spořitelna,HRK,CZK,3.371
2019-04-05T00:00:00,Česká spořitelna,DKK,CZK,3.354
2019-04-05T00:00:00,Česká spořitelna,HKD,CZK,2.844
2019-04-05T00:00:00,Česká spořitelna,CZK,RUB,2.7517886626307098
2019-04-05T00:00:00,Česká spořitelna,NOK,CZK,2.601
2019-04-05T00:00:00,Česká spořitelna,SEK,CZK,2.408
2019-04-05T00:00:00,Česká spořitelna,ZAR,CZK,1.579
2019-04-05T00:00:00,Česká spořitelna,CZK,ZAR,0.6024096385542169
2019-04-05T00:00:00,Česká spořitelna,CZK,SEK,0.3951007506914263
2019-04-05T00:00:00,Česká spořitelna,CZK,NOK,0.365764447695684
2019-04-05T00:00:00,Česká spořitelna,RUB,CZK,0.33545
2019-04-05T00:00:00,Česká spořitelna,CZK,HKD,0.33444816053511706
2019-04-05T00:00:00,Česká spořitelna,CZK,DKK,0.2836074872376631
2019-04-05T00:00:00,Česká spořitelna,CZK,HRK,0.28216704288939054
2019-04-05T00:00:00,Česká spořitelna,CZK,TRY,0.23758612497030177
2019-04-05T00:00:00,Česká spořitelna,JPY,CZK,0.20017
2019-04-05T00:00:00,Česká spořitelna,CZK,RON,0.18047283883775492
2019-04-05T00:00:00,Česká spořitelna,CZK,PLN,0.16294606485253382
2019-04-05T00:00:00,Česká spořitelna,CZK,TND,0.1280901754835404
2019-04-05T00:00:00,Česká spořitelna,HUF,CZK,0.07819
2019-04-05T00:00:00,Česká spořitelna,CZK,BGN,0.0743052459503641
2019-04-05T00:00:00,Česká spořitelna,CZK,NZD,0.06305567816381866
2019-04-05T00:00:00,Česká spořitelna,CZK,AUD,0.05990893841361131
2019-04-05T00:00:00,Česká spořitelna,CZK,CAD,0.056918435881381985
2019-04-05T00:00:00,Česká spořitelna,CZK,USD,0.0426075841499787
2019-04-05T00:00:00,Česká spořitelna,CZK,CHF,0.04258943781942078
2019-04-05T00:00:00,Česká spořitelna,CZK,EUR,0.03799103411594864
2019-04-05T00:00:00,Česká spořitelna,CZK,GBP,0.03250658258297305
